"id","submitdate","lastpage","startlanguage","seed","age","gender","gender[other]","colorVision","experiencePacman","experienceAI","experienceAI2[1]","experienceAI2[2]","experienceAI2[3]","experienceAI2[4]","experienceAI2[5]","experienceAI2[other]","outcomeAI[1]","randVideoSeed","randnumber","videoname1","videoname2","videoname3","retrospectionText","retrospectionQuest","next","infoPacman","gamePacman","regularPill","identifyPacman","powerPill","GhostsBlueWhen","GhostsBlueWhat","infoPacman2","gamePacman2","infoSummary","infoSaliency","greenArea","brightnessArea","quizSummary","infoSummary2","infoSaliency2","retrospectionVideo1","retrospectionClicks1","Intention1","retrospection1[1]","retrospection1[2]","retrospection1[3]","retrospection1[4]","retrospection1[5]","retrospection1[6]","RetrospectionConf1[predictConf1]","RetrospectionExpl1","retrospectionVideo2","retrospectionClicks2","Intention2","retrospection2[1]","retrospection2[2]","retrospection2[3]","retrospection2[4]","retrospection2[5]","retrospection2[6]","RetrospectionConf2[predictConf1]","RetrospectionExpl2","retrospectionVideo3","retrospectionClicks3","Intention3","retrospection3[1]","retrospection3[2]","retrospection3[3]","retrospection3[4]","retrospection3[5]","retrospection3[6]","RetrospectionConf3[predictConf1]","RetrospectionExpl3","explSatisfaction1[1]","explSatisfaction1[2]","explSatisfaction1[3]","explSatisfaction1[4]","explSatisfaction1[5]","explSatisfaction1[6]","comment1","trustDescription1","videos1","videoClicks1A","videoClicks1B","trustBool1","trustConfidence1[confidence1]","trustExpl1","trustDescription2","videos2","videoClicks2A","videoClicks2B","trustBool2","trustConfidence2[confidence1]","trustExpl2","trustDescription3","videos3","videoClicks3A","videoClicks3B","trustBool3","trustConfidence3[confidence1]","trustExpl3","explSatisfaction2[1]","explSatisfaction2[2]","explSatisfaction2[3]","explSatisfaction2[4]","explSatisfaction2[5]","explSatisfaction2[6]","comment2","bonus","code","submit","interviewtime","groupTime514","ageTime","genderTime","colorVisionTime","experiencePacmanTime","experienceAITime","experienceAI2Time","outcomeAITime","randVideoSeedTime","randnumberTime","groupTime525","videoname1Time","videoname2Time","videoname3Time","retrospectionTextTime","retrospectionQuestTime","nextTime","groupTime515","infoPacmanTime","gamePacmanTime","groupTime516","regularPillTime","identifyPacmanTime","powerPillTime","GhostsBlueWhenTime","GhostsBlueWhatTime","groupTime523","infoPacman2Time","gamePacman2Time","groupTime517","infoSummaryTime","infoSaliencyTime","groupTime518","greenAreaTime","brightnessAreaTime","quizSummaryTime","groupTime524","infoSummary2Time","infoSaliency2Time","groupTime527","retrospectionVideo1Time","retrospectionClicks1Time","Intention1Time","retrospection1Time","RetrospectionConf1Time","RetrospectionExpl1Time","groupTime529","retrospectionVideo2Time","retrospectionClicks2Time","Intention2Time","retrospection2Time","RetrospectionConf2Time","RetrospectionExpl2Time","groupTime530","retrospectionVideo3Time","retrospectionClicks3Time","Intention3Time","retrospection3Time","RetrospectionConf3Time","RetrospectionExpl3Time","groupTime528","explSatisfaction1Time","comment1Time","groupTime519","trustDescription1Time","videos1Time","videoClicks1ATime","videoClicks1BTime","trustBool1Time","trustConfidence1Time","trustExpl1Time","groupTime520","trustDescription2Time","videos2Time","videoClicks2ATime","videoClicks2BTime","trustBool2Time","trustConfidence2Time","trustExpl2Time","groupTime521","trustDescription3Time","videos3Time","videoClicks3ATime","videoClicks3BTime","trustBool3Time","trustConfidence3Time","trustExpl3Time","groupTime526","explSatisfaction2Time","comment2Time","groupTime522","bonusTime","codeTime","submitTime"
"95","1980-01-01 00:00:00","17","en","2141819360","3","1","","0","4","1","1","0","0","0","0","0","3","4","4","/surveys/upload/surveys/583526/files/agent1_highlights_div_lrp.mp4","/surveys/upload/surveys/583526/files/agent2_highlights_div_lrp.mp4","/surveys/upload/surveys/583526/files/agent3_highlights_div_lrp.mp4","","","","","","A3","A3","A2","A2","A1","","","","","A1","A2","A2","","","","5","Stay in the Corners and Focus on the immediate surroundings","1","1","1","0","0","0","6","The highlighted Areas are around pacman itself, never somewhere else","","13","A more aggressive strategy, Eating and chasing the ghost when vulnerable.","1","1","1","0","1","0","2","Many Areas highlighted, AI ""Looks around"", focusses on the ghosts. Many situations where ghosts are blue and eaten","","9","Also aggressive strategy, tries Eating multiple ghost in a row. Maybe more high-score-orientated.","1","0","1","0","1","0","5","Focus is mostly on blue ghosts and pacman himself. ","3","3","2","","2","5","Videos too short and too fast. Additional information would be good.","","","2","1","2","6","Player B Looks around the map, eats ghosts. Player A stays in the Corners, self-centered","","","1","1","1","4","Player B stays in the Corners, not Eating ghosts.","","","6","3","1","3","seemed more succesful, Eating ghosts in a row","3","2","1","","3","4","","40","37aa21c1","","2097.18","85.75","","","","","","","","","","0.8","","","","","","","326.56","","","27.78","","","","","","1.08","","","80.24","","","43.38","","","","0.74","","","332.65","","","","","","","306.75","","","","","","","338.5","","","","","","","101.82","","","100.23","","","","","","","","96.48","","","","","","","","192.34","","","","","","","","60.85","","","1.23","","",""
"96","1980-01-01 00:00:00","17","en","1709611248","2","1","","0","2","1","1","1","0","0","0","0","4","2","4","/surveys/upload/surveys/583526/files/agent1_highlights_div_lrp.mp4","/surveys/upload/surveys/583526/files/agent2_highlights_div_lrp.mp4","/surveys/upload/surveys/583526/files/agent3_highlights_div_lrp.mp4","","","","","","A3","A3","A2","A2","A1","","","","","A1","A2","A2","","","","1","to get as many power pills as possible","0","0","1","0","0","0","7","every clip i saw was showing the pacman going for the power pill and then it would turn around","","2","it was trying to eat as many ghost as it could","0","0","0","0","1","0","5","i saw the pacman go for the blue ghost the most","","2","it was trying to get the power pills so that it could eat the ghost.","0","0","1","0","0","0","7","the ai was always trying to get the power pills first so that it could eat the ghost","4","4","2","","4","4","fun and cool survey","","","1","1","2","7","Player B had way more points because it went for the blue ghost while player A only was going for the power pills.","","","2","1","1","7","The other player did not go for any of the ghost which get you the most points. Player A had more points because it went for the blue ghost.","","","1","1","1","7","player A had more points and you want more points when playing this game. player A went for the blue ghost more often","4","4","1","","4","4","this was very fun and cool","30","79da21ca","","1009.11","42.72","","","","","","","","","","1.04","","","","","","","129.66","","","54.27","","","","","","0.58","","","38.46","","","66.3","","","","0.6","","","72.64","","","","","","","97.15","","","","","","","113.74","","","","","","","36.45","","","91.49","","","","","","","","142.55","","","","","","","","92.89","","","","","","","","28.12","","","0.45","","",""
"97","1980-01-01 00:00:00","17","en","1391761301","4","1","","0","2","1","0","1","1","0","0","0","3","5","4","/surveys/upload/surveys/583526/files/agent1_highlights_div_lrp.mp4","/surveys/upload/surveys/583526/files/agent2_highlights_div_lrp.mp4","/surveys/upload/surveys/583526/files/agent3_highlights_div_lrp.mp4","","","","","","A3","A3","A2","A2","A1","","","","","A1","A2","A2","","","","1","The strategy of the AI seemed to be to eat the power pills to a great extent.","1","0","1","0","0","0","6","The pac man really was only shown eating power pills and the smaller pills directly near them.","","3","The agent seemed to be paying attention to the area directly in front of it and partly to the areas directly to each side. It seemed to do what it thought was necessary right in it's immediate vicinity.  ","1","1","0","0","1","0","5","The agent seemed to be very interested in eating the blue ghosts and normal pills as opposed to anything else that I saw.","","1","The AI seemed to be confused at first and then went to eating the regular pills as well as power pills and then the blue ghosts. It seemed to progress in that fashion.","0","1","1","0","1","0","6","The clip showed the pacman eating regular pills then eventually power pills and blue ghosts.","3","2","3","","2","2","The heat maps really did not show much in my opinion it seemed like they were just right around the pacman's general area and really had no bearing on what the pacman did or were it wanted to go.","","","1","1","2","3","At first, player B shows some issues on where to go but by the end of the clip is maximizing the points it earns by eating regular pills power pills and blue ghosts. Player A is just eating power pills and not really maximizing points.","","","1","1","1","7","Player A not only ate the Power pills, it also ate regular pills and blue ghosts, causing a higher score, where player B just seemed to eat power pills.","","","1","1","2","5","Player A was consistently going after power pills and blue ghosts maximizing points, and even though it died, it still showed a more thorough grasp of what it was supposed to do as opposed to player A.  ","3","2","3","","3","2","Once again I am not sure the heat maps area good indicator of anything, and I would like to see more of the players performance to get a better understanding of how the agents play.","40","83ba21ca","","1186.22","52.75","","","","","","","","","","1.2","","","","","","","113.43","","","22.32","","","","","","0.72","","","30.49","","","22.85","","","","1.24","","","94.98","","","","","","","207.32","","","","","","","156.38","","","","","","","68.78","","","117.12","","","","","","","","97.99","","","","","","","","129.03","","","","","","","","69.09","","","0.53","","",""
"98","","6","en","1718942228","5","1","","0","2","1","1","0","0","1","0","0","4","9","4","/surveys/upload/surveys/583526/files/agent1_highlights_div_lrp.mp4","/surveys/upload/surveys/583526/files/agent2_highlights_div_lrp.mp4","/surveys/upload/surveys/583526/files/agent3_highlights_div_lrp.mp4","","","","","","A3","A3","A2","A2","A1","","","","","","","","","","","","","","","","","","","","","","","","","","","","","","","","","","","","","","","","","","","","","","","","","","","","","","","","","","","","","","","","","","","","","","","","","","","","","","","","","852.62","111.36","","","","","","","","","","1.6","","","","","","","473.52","","","197.66","","","","","","2.24","","","66.24","","","","","","","","","","","","","","","","","","","","","","","","","","","","","","","","","","","","","","","","","","","","","","","","","","","","","","","","","","","","","","","",""
"99","1980-01-01 00:00:00","17","en","1138593938","4","1","","0","4","1","1","1","0","0","0","0","2","1","4","/surveys/upload/surveys/583526/files/agent1_highlights_div_lrp.mp4","/surveys/upload/surveys/583526/files/agent2_highlights_div_lrp.mp4","/surveys/upload/surveys/583526/files/agent3_highlights_div_lrp.mp4","","","","","","A3","A3","A2","A2","A1","","","","","A1","A2","A2","","","","1","The strategy of this Pacman agents seems to be to mainly avoid the ghosts as it eats the normal pills on the screen. Although it can be seen eating a power pill, the clip still does not show Pacman seeking out and eating the ghosts. ","1","1","1","0","0","0","3","Since the Pacman agent doesn't seem to be seeking out and eating the ghosts, I concluded that it is mainly concerned with avoiding the ghosts while it eats the normal pills on the screen. ","","2","The strategy of this agent seems to be more aggressive than the previous two. It seems mostly concerned seeking out and eating the ghosts after consuming power pills. This agents seems intent on winning the round quickly","1","0","1","0","1","0","4","The agent eats several ghosts in these clips. It doesn't seem intent on avoiding the ghosts. To me, clearly this agent is aggressive.","","5","The strategy initially is to hide at the bottom and basically just stay away from the ghosts. In this second short clip, he is eating the ghosts. In the third and fourth clips, Pacman is simply eating pellets. In the last frame he is eating ghosts. When he eating the ghosts, it's an indication that he is relying on going after the power pellets on the screen. The strategy must be to seek out the power pellets so that the Pacman agent can go after the ghosts","1","0","1","0","1","0","2","When the Pacman agent is eating the ghosts, then the strategy has clearly been to seek out the power pellets on the screen. ","4","4","3","","4","3","no","","","1","1","2","5","I like that agent B seems to have a slightly more aggressive approach to the game. Agent A seems content on simply eating the normal pills and avoiding ghosts. I like that Agent B is shown consuming the normal and power pills, AND going after the ghosts (to get more points)","","","1","1","1","5","Agent A seems to take advantage more effectively of eating the power pills than Agent B. After eating the power pills, A seeks out the ghosts, while B does not. A has a more effective strategy ","","","1","1","2","4","I feel like this one is a close call. Both agents seem to play the game almost equally effective. I'm going with B, as it seems slightly more aggressive. But I might be wrong. ","4","3","3","","4","3","no","40","170aa21cc","","1844.13","75.07","","","","","","","","","","0.49","","","","","","","133.87","","","184.28","","","","","","0.66","","","57","","","109.79","","","","1.19","","","209.85","","","","","","","173.38","","","","","","","480.06","","","","","","","30.73","","","141.06","","","","","","","","111.35","","","","","","","","107.95","","","","","","","","27.01","","","0.39","","",""
"100","1980-01-01 00:00:00","17","en","253565907","3","1","","0","3","1","0","1","0","0","0","0","4","6","4","/surveys/upload/surveys/583526/files/agent1_highlights_div_lrp.mp4","/surveys/upload/surveys/583526/files/agent2_highlights_div_lrp.mp4","/surveys/upload/surveys/583526/files/agent3_highlights_div_lrp.mp4","","","","","","A3","A3","A2","A2","A1","","","","","A1","A2","A2","","","","2","get the power pills first ","1","0","1","0","0","0","7","because in the video the power pills got eaten first","","2","eat as many normal pills as possible ","0","1","1","0","1","0","5","the ai got the normal pills first then power pill and eat some ghosts","","2","eat the power pills and eat the ghosts for more points","1","0","1","0","1","0","7","the ai eat the power pills and then went for the blue ghosts","3","2","3","","3","4","enjoyed it","","","1","1","2","6","Player B was more focused on the normal pills","","","2","2","1","5","Player A used more of the game space","","","1","1","2","7","Player b seems more focus on getting more points","3","3","2","","4","4","good","30","78da21cb","","1213.68","76.83","","","","","","","","","","1.14","","","","","","","292.28","","","45.34","","","","","","0.63","","","67.55","","","30.14","","","","0.45","","","149.19","","","","","","","97.51","","","","","","","103.18","","","","","","","58.47","","","73.91","","","","","","","","107.1","","","","","","","","78.1","","","","","","","","30.78","","","1.08","","",""
"101","1980-01-01 00:00:00","17","en","500228672","5","1","","0","2","1","1","0","0","1","0","0","5","5","4","/surveys/upload/surveys/583526/files/agent1_highlights_div_lrp.mp4","/surveys/upload/surveys/583526/files/agent2_highlights_div_lrp.mp4","/surveys/upload/surveys/583526/files/agent3_highlights_div_lrp.mp4","","","","","","A3","A3","A2","A2","A1","","","","","A1","A2","A2","","","","7","Turns back after eating the power pill","1","1","1","0","0","0","5","I discovered Pacman turns back immediately eating the power pill","","2","To eat Blue ghosts, wait until they're nearby before eating the power pills","1","0","1","0","1","0","7","It eats up the blue ghost before eating the power pill","","4","To eat more ghosts, wait until they're nearby before eating the power pills","0","1","1","1","0","0","6","Iy moved all the way to eat more ghosts before eating the power pill","4","3","1","","4","4","","","","2","3","2","6","To eat more ghosts, wait until they're nearby before eating the power pills","","","1","1","1","3","Player A eats up more ghost","","","-1","-1","2","5","No idea","3","2","2","","4","2","","40","36ea21cc","","1657.95","32.15","","","","","","","","","","1.42","","","","","","","8.64","","","73.65","","","","","","1.86","","","36.11","","","315.96","","","","2.1","","","380.45","","","","","","","118.2","","","","","","","164.91","","","","","","","51.62","","","374.6","","","","","","","","49.12","","","","","","","","38.89","","","","","","","","7.04","","","1.23","","",""
"102","","4","en","182652939","3","1","","0","3","1","1","0","0","0","0","0","4","1","4","/surveys/upload/surveys/583526/files/agent1_highlights_div_lrp.mp4","/surveys/upload/surveys/583526/files/agent2_highlights_div_lrp.mp4","/surveys/upload/surveys/583526/files/agent3_highlights_div_lrp.mp4","","","","","","A3","A3","A3","A3","A1","","","","","","","","","","","","","","","","","","","","","","","","","","","","","","","","","","","","","","","","","","","","","","","","","","","","","","","","","","","","","","","","","","","","","","","","","","","","","","","","","723.19","75.75","","","","","","","","","","2.37","","","","","","","61.63","","","447.34","","","","","","136.1","","","","","","","","","","","","","","","","","","","","","","","","","","","","","","","","","","","","","","","","","","","","","","","","","","","","","","","","","","","","","","","","","","",""
"103","","2","en","1361633224","3","1","","0","1","1","1","0","0","0","0","0","4","6","4","/surveys/upload/surveys/583526/files/agent1_highlights_div_lrp.mp4","/surveys/upload/surveys/583526/files/agent2_highlights_div_lrp.mp4","/surveys/upload/surveys/583526/files/agent3_highlights_div_lrp.mp4","","","","","","","","","","","","","","","","","","","","","","","","","","","","","","","","","","","","","","","","","","","","","","","","","","","","","","","","","","","","","","","","","","","","","","","","","","","","","","","","","","","","","","","","","","","27.53","26.03","","","","","","","","","","1.5","","","","","","","","","","","","","","","","","","","","","","","","","","","","","","","","","","","","","","","","","","","","","","","","","","","","","","","","","","","","","","","","","","","","","","","","","","","","","","","","","","",""
"104","1980-01-01 00:00:00","17","en","314104341","3","1","","0","2","1","1","1","0","0","0","0","4","6","4","/surveys/upload/surveys/583526/files/agent1_highlights_div_lrp.mp4","/surveys/upload/surveys/583526/files/agent2_highlights_div_lrp.mp4","/surveys/upload/surveys/583526/files/agent3_highlights_div_lrp.mp4","","","","","","A3","A3","A2","A2","A1","","","","","A1","A2","A2","","","","1","The AI agent avoided the ghosts and prioritized the power pills.","1","0","1","0","0","0","7","The green heatmap focused on those 2 things. The gameplay showed the rest.","","5","The strategy of the AI agent was to eat the power pill and then go after the ghosts.","1","0","0","0","1","0","7","The green heatmap was constantly on pacman. The AI agent went on to go after the ghosts for more points.","","1","The AI agent was focused on getting the power pill and then chasing down the ghosts.","1","0","0","0","1","1","7","The gameplay and heatmap focused on those areas.","4","3","2","","4","5","No comments","","","1","1","2","5","Player B seemed to have more pills eaten than A. I think both had the same amount of ghosts.","","","1","1","1","5","I actually saw player A eat 2 ghosts and accumulate points.","","","2","1","2","5","Player B seemed to have eaten more ghosts. There were more blue ghosts in the center box.","4","4","2","","3","2","No comments","40","142da21cd","","922.96","58.72","","","","","","","","","","1.44","","","","","","","86","","","16.39","","","","","","1.12","","","65.63","","","28.9","","","","1.59","","","104.49","","","","","","","180.35","","","","","","","77.76","","","","","","","40.17","","","74.17","","","","","","","","88.95","","","","","","","","71.5","","","","","","","","25.02","","","0.76","","",""
"105","","8","en","95475416","3","2","","0","3","1","1","0","0","1","0","0","4","4","4","/surveys/upload/surveys/583526/files/agent1_highlights_div_lrp.mp4","/surveys/upload/surveys/583526/files/agent2_highlights_div_lrp.mp4","/surveys/upload/surveys/583526/files/agent3_highlights_div_lrp.mp4","","","","","","A3","A3","A2","A2","A1","","","","","A1","A2","A2","","","","","","","","","","","","","","","-1","","","","","","","","","","","","","","","","","","","","","","","","","","","","","","","","","","","","","","","","","","","","","","","","","","","","","","","","","","","170.1","31.98","","","","","","","","","","0.48","","","","","","","29.65","","","45.56","","","","","","16.05","","","14.85","","","23.35","","","","8.18","","","","","","","","","","","","","","","","","","","","","","","","","","","","","","","","","","","","","","","","","","","","","","","","","","","","","","","","",""
"106","1980-01-01 00:00:00","17","en","1067017888","5","2","","0","4","1","0","1","0","0","0","0","4","7","4","/surveys/upload/surveys/583526/files/agent1_highlights_div_lrp.mp4","/surveys/upload/surveys/583526/files/agent2_highlights_div_lrp.mp4","/surveys/upload/surveys/583526/files/agent3_highlights_div_lrp.mp4","","","","","","A3","A3","A2","A2","A1","","","","","A1","A2","A2","","","","1","This Ai wanted to get the power pill.","0","0","1","0","0","0","7","All the AI did was go after the power pill.","","1","Getting power pill and eating ghosts","0","0","1","0","1","0","7","The Ai would go after the power pills and then chase down the ghosts to eat them","","1","I think it was his surroundings. It did not think to much in the future as to where it was going to go next. It was all right around itself","0","1","0","0","1","0","7","I wouuld plan ahead and watch where the ghosts were. The Ai was not. It was just worried about what was around him at that time.","5","5","1","","5","5","","","","1","1","2","7","AI A was only eating the power pills but not eating the ghosts to get them out of his way. AI B was actually trying to clear the board, eating ghosts and everything in its path.","","","1","1","1","7","AI A was playing very efficiently by eating power pills and eating ghosts while AI B was only eating the power pills.","","","2","1","2","7","AI A seemed like it wasnt sure what to do next. AI B was driven and went right after the ghosts and kept moving.","5","5","1","","5","5","","20","53ca21d1","","1177.96","175.1","","","","","","","","","","0.69","","","","","","","231.63","","","72.47","","","","","","47.78","","","37.95","","","24.6","","","","1.13","","","74.54","","","","","","","63.94","","","","","","","136.83","","","","","","","29.05","","","85.64","","","","","","","","68.99","","","","","","","","102.02","","","","","","","","25.01","","","0.59","","",""
"107","","2","en","1671585931","3","2","","0","3","1","1","1","0","0","1","0","5","3","4","/surveys/upload/surveys/583526/files/agent1_highlights_div_lrp.mp4","/surveys/upload/surveys/583526/files/agent2_highlights_div_lrp.mp4","/surveys/upload/surveys/583526/files/agent3_highlights_div_lrp.mp4","","","","","","","","","","","","","","","","","","","","","","","","","","","","","","","","","","","","","","","","","","","","","","","","","","","","","","","","","","","","","","","","","","","","","","","","","","","","","","","","","","","","","","","","","","","228.43","227.26","","","","","","","","","","1.17","","","","","","","","","","","","","","","","","","","","","","","","","","","","","","","","","","","","","","","","","","","","","","","","","","","","","","","","","","","","","","","","","","","","","","","","","","","","","","","","","","",""
"108","1980-01-01 00:00:00","17","en","2093125023","2","1","","0","2","0","","","","","","","5","7","4","/surveys/upload/surveys/583526/files/agent1_highlights_div_lrp.mp4","/surveys/upload/surveys/583526/files/agent2_highlights_div_lrp.mp4","/surveys/upload/surveys/583526/files/agent3_highlights_div_lrp.mp4","","","","","","A3","A3","A2","A2","A1","","","","","A1","A2","A2","","","","1","it used the best strategy to avoid being ate.","1","1","0","0","0","0","1","from what i read.","","1","used the best strategy to avoid loosing and being ate.","1","0","1","0","1","0","2","from what i read and how i feel and understand.","","1","it used the best strategy to avoid being ate.","1","0","0","0","1","0","2","from what i understood from reading.","1","1","3","","3","4","no","","","-1","-1","1","2","i like how they moved.","","","-1","-1","1","5","i liked how they moved and they seemed to be better at it.","","","2","2","2","2","seemed to understand and know what it was doing.","5","3","5","","4","5","no","20","126aa21da","","1034.36","25","","","","","","","","","","0.56","","","","","","","5.73","","","164.42","","","","","","101.2","","","7.01","","","127.93","","","","83.1","","","290.91","","","","","","","100.84","","","","","","","32.26","","","","","","","9.53","","","15.59","","","","","","","","29.05","","","","","","","","33.38","","","","","","","","7.16","","","0.69","","",""
"109","1980-01-01 00:00:00","17","en","277868103","3","2","","0","3","1","1","1","0","0","1","0","5","4","4","/surveys/upload/surveys/583526/files/agent1_highlights_div_lrp.mp4","/surveys/upload/surveys/583526/files/agent2_highlights_div_lrp.mp4","/surveys/upload/surveys/583526/files/agent3_highlights_div_lrp.mp4","","","","","","A3","A3","A2","A2","A1","","","","","A1","A2","A2","","","","1","The strategy seemed to be that the AI wanted to get specifically power pills.","1","0","1","0","0","0","6","I saw how the areas showed in the video were areas where the power pill was eaten and the green attention areas also seemed to indicate this. ","","1","The strategy employed was to eat as many ghosts as possible. ","1","0","1","1","0","0","7","The actions taken by the AI in the video shown always seem to have the goal of eating a ghost.","","2","The strategy seems to be to eat as many pills as possible. ","1","1","1","0","0","0","6","I watched which areas looked highlighted green and what the intentions were with actions the pacman seemed to be taking.","4","4","2","","4","4","none","","","1","2","2","7","B was alot more accurate than A in trying to score points by eating ghosts. A really did almost nothing useful in the video show. ","","","1","2","1","7","A timed eating its power pills far better than B, B was terrible at it. A looked like it was doing a successful job in playing the game and B did not.","","","1","1","1","6","Both A and B performed quite well though A seemed to do better. A certainly managed to eat more ghosts in the video.","5","4","2","","4","3","none","50","45da21da","","974.05","28.11","","","","","","","","","","0.47","","","","","","","87.39","","","39.48","","","","","","37.11","","","22.3","","","34.64","","","","0.99","","","100.44","","","","","","","82.76","","","","","","","174.78","","","","","","","31.37","","","114.86","","","","","","","","93.02","","","","","","","","90.82","","","","","","","","35.06","","","0.45","","",""
"110","1980-01-01 00:00:00","17","en","844429979","3","2","","0","2","1","1","0","0","0","0","0","4","10","4","/surveys/upload/surveys/583526/files/agent1_highlights_div_lrp.mp4","/surveys/upload/surveys/583526/files/agent2_highlights_div_lrp.mp4","/surveys/upload/surveys/583526/files/agent3_highlights_div_lrp.mp4","","","","","","A3","A3","A2","A2","A1","","","","","A1","A2","A2","","","","1","used the shield powerup","1","0","1","1","0","0","7","he boxed up the enemies.","","1","pacman avoiding the enemies","1","1","1","0","0","0","6","the powerup made it to change location","","0","staying in a far location.","1","1","1","0","0","0","5","avoiding the enemies","4","4","2","","3","3","","","","-1","-1","2","4","looks more advanced","","","0","0","1","7","hes faster and sharper","","","0","0","2","7","hes faster and more winning","4","4","2","","3","4","","30","229ba22e8","","1475.12","267.16","","","","","","","","","","1.33","","","","","","","10.81","","","40.92","","","","","","61.26","","","6.11","","","106.65","","","","128.05","","","678.48","","","","","","","56.36","","","","","","","36.17","","","","","","","7.38","","","17.78","","","","","","","","24.53","","","","","","","","23.17","","","","","","","","7.46","","","1.5","","",""
"111","1980-01-01 00:00:00","17","en","516288534","4","2","","0","4","1","1","1","0","0","0","0","6","8","4","/surveys/upload/surveys/583526/files/agent1_highlights_div_lrp.mp4","/surveys/upload/surveys/583526/files/agent2_highlights_div_lrp.mp4","/surveys/upload/surveys/583526/files/agent3_highlights_div_lrp.mp4","","","","","","A3","A3","A2","A2","A1","","","","","A1","A2","A2","","","","2","He seemed to want to clear the board and was not concerned with getting cherries or eating the ghosts.","1","1","1","0","0","0","5","The character of pacman is important because you can't play without him but he was more interested in eating the pellets and clearing the board than anything else.","","1","He seems to be trying to eat the ghosts.","1","0","1","0","1","0","4","In the video he seemed to have eaten ghosts often so I assumed that was his strategy.","","1","He seemed to be trying to clear the board and waiting for the ghost so he could eat them.","1","1","0","0","1","0","3","I felt he was trying to clear sections of the board but also wait around for the power pill so he could eat the ghosts.","3","1","2","","2","2","n/a","","","3","1","1","1","It seemed like he did a better job eating ghosts.","","","1","1","1","5","He seemed better at eating the ghosts.","","","1","1","2","4","He seemed better at clearing the board and ate more ghosts.","2","1","3","","2","1","n/a","30","95ea22e7","","1057.37","49.02","","","","","","","","","","0.55","","","","","","","263.15","","","52.92","","","","","","1.39","","","27.34","","","19.73","","","","1.19","","","127.2","","","","","","","93.72","","","","","","","110.01","","","","","","","34.14","","","86.2","","","","","","","","90.42","","","","","","","","70.52","","","","","","","","29.08","","","0.79","","",""
"112","1980-01-01 00:00:00","17","en","330751914","4","1","","0","3","1","1","0","0","0","0","0","4","3","4","/surveys/upload/surveys/583526/files/agent1_highlights_div_lrp.mp4","/surveys/upload/surveys/583526/files/agent2_highlights_div_lrp.mp4","/surveys/upload/surveys/583526/files/agent3_highlights_div_lrp.mp4","","","","","","A3","A3","A2","A2","A1","","","","","A1","A2","A2","","","","1","Staying in its immediate area, and focusing on the pills immediately nearby.","1","1","1","0","0","0","6","He stayed in one area mostly, and focused on eating pills nearby. He seems to have accidentally consumed a power pill toward the end.","","1","He focused on pills nearby. When a power pill was available, he ate it, and did proceed to chase the nearby ghost once it was blue.","1","1","0","0","1","0","7","He definitely pursued the blue ghost after consuming the power pill. He preferred continuing toward normal pills when they were present.","","1","Looking directly in front of the character, and eating ghosts when they're very close.","1","0","0","0","1","0","6","The green focus indicator was concentrated on the area immediately around Pacman, and occasionally on ghosts in his immediate vicinity.","4","3","4","","3","2","","","","1","1","2","3","Player b seemed about to understand when ghosts were nearby is a better time to eat power pills. Both seemed to reprioritize eating normal pills, but A seemed to retread empty space frequently.","","","1","1","1","7","Player b retraced his steps frequently, leading to low scoring periods.","","","1","1","2","6","He seemed to prioritize higher scoring moves and focused farther into the future.","2","3","4","","3","2","","40","185ea22e7","","927.97","45.12","","","","","","","","","","0.68","","","","","","","44.25","","","24.48","","","","","","1","","","33.67","","","17.61","","","","1.07","","","121.23","","","","","","","137.77","","","","","","","133.41","","","","","","","26.3","","","122.41","","","","","","","","79.06","","","","","","","","85.21","","","","","","","","53.58","","","1.12","","",""
"113","1980-01-01 00:00:00","17","en","1243732942","5","2","","0","3","1","1","0","0","0","0","0","3","6","4","/surveys/upload/surveys/583526/files/agent1_highlights_div_lrp.mp4","/surveys/upload/surveys/583526/files/agent2_highlights_div_lrp.mp4","/surveys/upload/surveys/583526/files/agent3_highlights_div_lrp.mp4","","","","","","A3","A3","A2","A2","A1","","","","","A1","A2","A2","","","","1","The AI agent wanted to eat the power pills","0","0","1","0","0","0","4","It kept going back and forth and then ate a power pill","","1","To get to the power pills to be able to chase and eat the ghosts","0","0","1","0","1","0","7","The pacman ate the power pills and immediately went after the blue ghosts to eat","","1","The strategy was to eat as many regular dost as possible and then eat a power pill to eat the ghosts that get in his way","0","1","1","0","1","0","6","The pacman was going about eating his regular dots and then ate a power pill to eat the ghosts in his way in order to keep going.","4","3","2","","4","5","This is interesting for me to think about how to ""train"" and AI to learn to play pacman.  Thank you","","","1","1","2","7"," B is playing the board better.  It is clearing the board and eating the power pills when ghosts are near.  A is just eating the power pills when ghosts are not near and therefore not using them effeciently.","","","1","1","1","6","A is trying to clear the board as well as eat the power dots and the ghosts.  B is eating all the power dots first and therefore not clearing the board effeciently.  When the power dots are gone, he will lose.","","","1","1","1","4","A is clearing the board better than B.  Furthermore A is eating the power pills when ghosts are present where B is eating them whenever and not using them effectively.","5","3","1","","5","5","This was really interesting to me :)","30","177ca22e7","","999.14","54.56","","","","","","","","","","1.14","","","","","","","187.28","","","19.79","","","","","","1.45","","","28.39","","","19.51","","","","1.04","","","69.89","","","","","","","76.84","","","","","","","138.44","","","","","","","52.37","","","92.39","","","","","","","","136.37","","","","","","","","89.93","","","","","","","","28.99","","","0.76","","",""
"114","1980-01-01 00:00:00","17","en","825665266","3","1","","0","3","1","1","0","0","0","1","0","5","6","4","/surveys/upload/surveys/583526/files/agent1_highlights_div_lrp.mp4","/surveys/upload/surveys/583526/files/agent2_highlights_div_lrp.mp4","/surveys/upload/surveys/583526/files/agent3_highlights_div_lrp.mp4","","","","","","A3","A3","A2","A2","A1","","","","","A1","A2","A2","","","","1","The strategy is to eat as much power pills and normal pills","1","1","1","0","0","0","6","from the video, the agent was only going for the power pills and normal pills","","2","Eating the blue ghosts, collecting normal pills","1","1","0","0","1","0","5","The agent went after the blue ghosts after gaining some normal pills","","8","uses the pills to boost his speed","1","1","0","0","1","0","5","From what I witnessed, I am somewhat confident in my decision","2","3","4","","2","3","none","","","3","1","2","7","score more by eating the blue ghosts, while player A only went after power pills","","","1","1","1","7","scored more points, eating more blue ghosts","","","1","1","1","5","scored more by eating more blue ghosts","4","3","4","","4","3","none","50","98da22e9","","1931.96","63.34","","","","","","","","","","1.5","","","","","","","151.17","","","74.97","","","","","","1.96","","","61.24","","","63.94","","","","1.85","","","208.19","","","","","","","364.28","","","","","","","375.57","","","","","","","126.45","","","103.92","","","","","","","","90.12","","","","","","","","164.12","","","","","","","","78.24","","","1.1","","",""
"115","1980-01-01 00:00:00","17","en","740325100","6","2","","0","4","1","0","1","0","0","0","0","4","2","4","/surveys/upload/surveys/583526/files/agent1_highlights_div_lrp.mp4","/surveys/upload/surveys/583526/files/agent2_highlights_div_lrp.mp4","/surveys/upload/surveys/583526/files/agent3_highlights_div_lrp.mp4","","","","","","A3","A3","A2","A2","A1","","","","","A1","A2","A2","","","","3","Pacman was just trying to get as many points with the normal and power pills.","0","1","1","0","0","0","5","He didn't go after any ghosts and focused on the pills.","","3","Pacman wanted those ghosts! His goal was to move as fast as he could towards them.","1","1","0","0","1","0","4","His goal was to get points as he quickly ate up the normal pills in order to get to the ghosts.","","3","Beginning of game was rough but he eventually made his way to collecting ghosts","0","1","0","0","1","0","3","Not sure what he was doing at the beginning but finally was able to make his way from the top and grab some ghosts.","3","3","4","","3","3","","","","3","2","1","5","A was able to eat more power pills.","","","3","3","1","2","A was able to eat more ghosts but B's focus was on power pills. They looked somewhat even but I chose A because of the ghosts.","","","1","1","1","4","He actually looked to have eaten more ghosts and covered a little more ground even though he seemed a little confused at play start.","4","3","3","","4","4","","30","46fa22e9","","1795.31","39","","","","","","","","","","0.62","","","","","","","249.45","","","109.5","","","","","","1.13","","","62.49","","","87.98","","","","0.57","","","176.43","","","","","","","272.86","","","","","","","151.95","","","","","","","31.36","","","176.92","","","","","","","","258.89","","","","","","","","151.49","","","","","","","","23.46","","","1.21","","",""
"116","1980-01-01 00:00:00","17","en","1765257760","3","1","","0","4","0","","","","","","","4","1","4","/surveys/upload/surveys/583526/files/agent1_highlights_div_lrp.mp4","/surveys/upload/surveys/583526/files/agent2_highlights_div_lrp.mp4","/surveys/upload/surveys/583526/files/agent3_highlights_div_lrp.mp4","","","","","","A3","A3","A2","A2","A1","","","","","A1","A2","A2","","","","1","It was prioritizing areas where there we no ghosts.","1","1","0","0","0","0","4","I was looking at the highly relevant green areas.","","1","I believe it tried to mark areas where there were the least amount of ghosts present.","1","1","0","0","0","0","1","I looked at the highly relevant green areas.","","4","It seemed to place more value on attacking the ghosts.","1","0","0","1","1","0","6","I just tried to notice the clear highly relevant areas.","3","4","1","","4","4","No additional comments ","","","1","1","2","7","It seemed to have a better control of pacman","","","1","1","1","4","It seemed to have better skills","","","1","1","2","5","It seemed like it had more of a strategy ","3","4","1","","4","4","No additional commetns","40","254fa22eb","","1114.97","27.53","","","","","","","","","","1.35","","","","","","","231.37","","","58.4","","","","","","109.29","","","21.44","","","26.1","","","","0.86","","","86.96","","","","","","","212.68","","","","","","","194.26","","","","","","","17.85","","","26.11","","","","","","","","39.87","","","","","","","","45.15","","","","","","","","14.5","","","1.25","","",""
"117","1980-01-01 00:00:00","17","en","65036542","5","1","","0","3","1","1","1","1","0","1","0","3","6","4","/surveys/upload/surveys/583526/files/agent1_highlights_div_lrp.mp4","/surveys/upload/surveys/583526/files/agent2_highlights_div_lrp.mp4","/surveys/upload/surveys/583526/files/agent3_highlights_div_lrp.mp4","","","","","","A3","A3","A2","A2","A1","","","","","A1","A2","A2","","","","1","The agent was trying to avoid the ghosts while eating as many pills as possible","0","1","1","0","0","0","3","The pills appeared to have more relevance to the agent","","1","The agent appeared to seek power pills","0","0","1","0","1","0","4","The agent placed much relevance on when the ghosts turned blue","","1","To reach a power pill and make the ghosts turn blue","1","1","1","0","1","0","4","I based it on how relevant it appeared to the agent.","2","1","3","","2","3","It was rather difficult to determine the strategy","","","1","1","2","5","Player A seems to understand the game better","","","1","1","1","3","Player A appears to make more progress","","","1","1","2","4","Player B seems more aggressive","3","2","3","","3","2","No","20","175aa22ed","","1614.24","71.72","","","","","","","","","","1.37","","","","","","","570.06","","","40.13","","","","","","0.71","","","36.44","","","37.49","","","","31.21","","","140.96","","","","","","","137.74","","","","","","","222.97","","","","","","","54.71","","","117.6","","","","","","","","49.33","","","","","","","","66.11","","","","","","","","34.5","","","1.19","","",""
"118","1980-01-01 00:00:00","17","en","1293926800","6","2","","0","2","1","0","1","0","1","1","0","4","2","4","/surveys/upload/surveys/583526/files/agent1_highlights_div_lrp.mp4","/surveys/upload/surveys/583526/files/agent2_highlights_div_lrp.mp4","/surveys/upload/surveys/583526/files/agent3_highlights_div_lrp.mp4","","","","","","A3","A3","A2","A2","A1","","","","","A1","A2","A2","","","","-1"," analyze the strategy of that particular AI agent","1","1","0","0","1","1","6","nice","","2","analyze the strategy of that particular AI agent.","1","1","1","1","1","1","5","f typical behavior of a Pacman agent.","","1"," analyze the strategy of that particular AI agent","1","1","0","1","1","1","6","me seeing","4","2","5","","4","5","superb","","","1","1","1","6","nice moov","","","-1","-1","2","6","very slow","","","-1","-1","1","5","nice moov","1","4","5","","5","3","nice","10","71ba22f0","","2074.03","68.2","","","","","","","","","","1.68","","","","","","","19.27","","","1224.5","","","","","","193.2","","","8.43","","","174.75","","","","47.68","","","41.22","","","","","","","157.56","","","","","","","45.45","","","","","","","17.07","","","35.85","","","","","","","","12.01","","","","","","","","13.67","","","","","","","","11.72","","","1.77","","",""

